"id","content","title","start","end","group","editable","style"
"item1","Canceled: SPACE Walk & Talk - EU Session - Non J&J","Canceled: SPACE Walk & Talk - EU Session - Non J&J","2021-09-08 15:00:00  ","2021-09-08 16:00:00  ",1,TRUE,NA
"item2","SPACE Walk & Talk - EU Session - Non J&J","SPACE Walk & Talk - EU Session - Non J&J","2021-10-13 15:00:00  ","2021-10-13 16:00:00  ",1,TRUE,NA
"item3","Canceled: SPACE Walk & Talk - EU Session - Non J&J","Canceled: SPACE Walk & Talk - EU Session - Non J&J","2021-10-20 15:00:00  ","2021-10-20 16:00:00  ",1,TRUE,NA
"item4","SPACE Walk & Talk - EU Session - Non J&J","SPACE Walk & Talk - EU Session - Non J&J","2021-11-17 03:00:00  ","2021-11-17 04:00:00  ",1,TRUE,NA
"item5","SPACE Walk & Talk - EU Session - Non J&J","SPACE Walk & Talk - EU Session - Non J&J","2021-12-15 03:00:00  ","2021-12-15 04:00:00  ",1,TRUE,NA
"item6","SPACE Open-Office Hours - EU-APAC - Non J&J Employees","SPACE Open-Office Hours - EU-APAC - Non J&J Employees","2021-10-05 03:00:00  ","2021-10-05 04:00:00  ",1,TRUE,NA
"item7","SPACE Open-Office Hours - EU-APAC - Non J&J Employees","SPACE Open-Office Hours - EU-APAC - Non J&J Employees","2021-10-12 03:00:00  ","2021-10-12 04:00:00  ",1,TRUE,NA
"item8","SPACE Open-Office Hours - EU-APAC - Non J&J Employees","SPACE Open-Office Hours - EU-APAC - Non J&J Employees","2021-10-19 03:00:00  ","2021-10-19 04:00:00  ",1,TRUE,NA
"item9","SPACE Open-Office Hours - EU-APAC - Non J&J Employees","SPACE Open-Office Hours - EU-APAC - Non J&J Employees","2021-10-26 03:00:00  ","2021-10-26 04:00:00  ",1,TRUE,NA
"item10","SPACE Open-Office Hours - EU-APAC - Non J&J Employees","SPACE Open-Office Hours - EU-APAC - Non J&J Employees","2021-11-02 03:00:00  ","2021-11-02 04:00:00  ",1,TRUE,NA
"item11","SPACE Open-Office Hours - EU-APAC - Non J&J Employees","SPACE Open-Office Hours - EU-APAC - Non J&J Employees","2021-11-09 03:00:00  ","2021-11-09 04:00:00  ",1,TRUE,NA
"item12","SPACE Open-Office Hours - EU-APAC - Non J&J Employees","SPACE Open-Office Hours - EU-APAC - Non J&J Employees","2021-11-16 03:00:00  ","2021-11-16 04:00:00  ",1,TRUE,NA
"item13","SPACE Open-Office Hours - EU-APAC - Non J&J Employees","SPACE Open-Office Hours - EU-APAC - Non J&J Employees","2021-11-23 03:00:00  ","2021-11-23 04:00:00  ",1,TRUE,NA
"item14","SPACE Open-Office Hours - EU-APAC - Non J&J Employees","SPACE Open-Office Hours - EU-APAC - Non J&J Employees","2021-11-30 03:00:00  ","2021-11-30 04:00:00  ",1,TRUE,NA
"item15","SPACE Open-Office Hours - EU-APAC - Non J&J Employees","SPACE Open-Office Hours - EU-APAC - Non J&J Employees","2021-12-07 03:00:00  ","2021-12-07 04:00:00  ",1,TRUE,NA
"item16","SPACE Open-Office Hours - EU-APAC - Non J&J Employees","SPACE Open-Office Hours - EU-APAC - Non J&J Employees","2021-12-14 03:00:00  ","2021-12-14 04:00:00  ",1,TRUE,NA
"item17","SPACE Open-Office Hours - EU-APAC - Non J&J Employees","SPACE Open-Office Hours - EU-APAC - Non J&J Employees","2021-12-21 03:00:00  ","2021-12-21 04:00:00  ",1,TRUE,NA
"item18","SPACE Open-Office Hours - EU-APAC - Non J&J Employees","SPACE Open-Office Hours - EU-APAC - Non J&J Employees","2021-12-28 03:00:00  ","2021-12-28 04:00:00  ",1,TRUE,NA
"item19","SPACE Open-Office Hours - EU-APAC - Non J&J Employees","SPACE Open-Office Hours - EU-APAC - Non J&J Employees","2022-01-04 03:00:00  ","2022-01-04 04:00:00  ",1,TRUE,NA
"item20","SPACE Open-Office Hours - EU-APAC - Non J&J Employees","SPACE Open-Office Hours - EU-APAC - Non J&J Employees","2022-01-11 03:00:00  ","2022-01-11 04:00:00  ",1,TRUE,NA
"item21","SPACE Open-Office Hours - EU-APAC - Non J&J Employees","SPACE Open-Office Hours - EU-APAC - Non J&J Employees","2022-01-18 03:00:00  ","2022-01-18 04:00:00  ",1,TRUE,NA
"item22","SPACE Open-Office Hours - EU-APAC - Non J&J Employees","SPACE Open-Office Hours - EU-APAC - Non J&J Employees","2022-01-25 03:00:00  ","2022-01-25 04:00:00  ",1,TRUE,NA
"item23","SPACE Open-Office Hours - EU-APAC - Non J&J Employees","SPACE Open-Office Hours - EU-APAC - Non J&J Employees","2022-02-01 03:00:00  ","2022-02-01 04:00:00  ",1,TRUE,NA
"item24","Yufan/Tina 1:1","Yufan/Tina 1:1","2021-10-12 14:00:00  ","2021-10-12 14:30:00  ",1,TRUE,NA
"item25","Yufan/Tina 1:1","Yufan/Tina 1:1","2021-12-14 14:00:00  ","2021-12-14 14:30:00  ",1,TRUE,NA
"item26","CVM/NS monthly meeting ","CVM/NS monthly meeting ","2021-10-27 14:00:00  ","2021-10-27 15:00:00  ",1,TRUE,NA
"item27","CVM/NS monthly meeting ","CVM/NS monthly meeting ","2021-11-24 14:00:00  ","2021-11-24 15:00:00  ",1,TRUE,NA
"item28","CVM/NS monthly meeting ","CVM/NS monthly meeting ","2021-12-22 14:00:00  ","2021-12-22 15:00:00  ",1,TRUE,NA
"item29","CVM/NS monthly meeting ","CVM/NS monthly meeting ","2022-01-26 14:00:00  ","2022-01-26 15:00:00  ",1,TRUE,NA
"item30","Report working hours this week  in Beacon ","Report working hours this week  in Beacon ","2021-10-01 16:30:00  ","2021-10-01 16:35:00  ",1,TRUE,NA
"item31","Report working hours this week  in Beacon ","Report working hours this week  in Beacon ","2021-10-08 16:30:00  ","2021-10-08 16:35:00  ",1,TRUE,NA
"item32","Report working hours this week  in Beacon ","Report working hours this week  in Beacon ","2021-10-15 16:30:00  ","2021-10-15 16:35:00  ",1,TRUE,NA
"item33","Report working hours this week  in Beacon ","Report working hours this week  in Beacon ","2021-10-22 16:30:00  ","2021-10-22 16:35:00  ",1,TRUE,NA
"item34","Report working hours this week  in Beacon ","Report working hours this week  in Beacon ","2021-10-29 16:30:00  ","2021-10-29 16:35:00  ",1,TRUE,NA
"item35","Report working hours this week  in Beacon ","Report working hours this week  in Beacon ","2021-11-05 16:30:00  ","2021-11-05 16:35:00  ",1,TRUE,NA
"item36","Report working hours this week  in Beacon ","Report working hours this week  in Beacon ","2021-11-12 16:30:00  ","2021-11-12 16:35:00  ",1,TRUE,NA
"item37","Report working hours this week  in Beacon ","Report working hours this week  in Beacon ","2021-11-19 16:30:00  ","2021-11-19 16:35:00  ",1,TRUE,NA
"item38","Report working hours this week  in Beacon ","Report working hours this week  in Beacon ","2021-11-26 16:30:00  ","2021-11-26 16:35:00  ",1,TRUE,NA
"item39","Report working hours this week  in Beacon ","Report working hours this week  in Beacon ","2021-12-03 16:30:00  ","2021-12-03 16:35:00  ",1,TRUE,NA
"item40","Report working hours this week  in Beacon ","Report working hours this week  in Beacon ","2021-12-10 16:30:00  ","2021-12-10 16:35:00  ",1,TRUE,NA
"item41","Report working hours this week  in Beacon ","Report working hours this week  in Beacon ","2021-12-17 16:30:00  ","2021-12-17 16:35:00  ",1,TRUE,NA
"item42","Report working hours this week  in Beacon ","Report working hours this week  in Beacon ","2021-12-24 16:30:00  ","2021-12-24 16:35:00  ",1,TRUE,NA
"item43","Report working hours this week  in Beacon ","Report working hours this week  in Beacon ","2021-12-31 16:30:00  ","2021-12-31 16:35:00  ",1,TRUE,NA
"item44","Report working hours this week  in Beacon ","Report working hours this week  in Beacon ","2022-01-07 16:30:00  ","2022-01-07 16:35:00  ",1,TRUE,NA
"item45","Report working hours this week  in Beacon ","Report working hours this week  in Beacon ","2022-01-14 16:30:00  ","2022-01-14 16:35:00  ",1,TRUE,NA
"item46","Report working hours this week  in Beacon ","Report working hours this week  in Beacon ","2022-01-21 16:30:00  ","2022-01-21 16:35:00  ",1,TRUE,NA
"item47","Report working hours this week  in Beacon ","Report working hours this week  in Beacon ","2022-01-28 16:30:00  ","2022-01-28 16:35:00  ",1,TRUE,NA
"item48","Analysis Standards Cafe - ADLB update on metadata and code","Analysis Standards Cafe - ADLB update on metadata and code","2021-12-06 23:00:00  ","2021-12-07 00:00:00  ",1,TRUE,NA
"item49","Analysis Standards Cafe - ADLB update on metadata and code","Analysis Standards Cafe - ADLB update on metadata and code","2021-12-06 23:00:00  ","2021-12-07 00:00:00  ",1,TRUE,NA
"item50","Analysis Standards Cafe - TBD","Analysis Standards Cafe - TBD","2022-01-27 10:00:00  ","2022-01-27 11:00:00  ",1,TRUE,NA
"item51","Weekly discussion","Weekly discussion","2021-10-06 15:00:00  ","2021-10-06 16:00:00  ",1,TRUE,NA
"item52","Weekly discussion","Weekly discussion","2021-10-13 15:00:00  ","2021-10-13 16:00:00  ",1,TRUE,NA
"item53","Weekly discussion","Weekly discussion","2021-10-20 15:00:00  ","2021-10-20 16:00:00  ",1,TRUE,NA
"item54","Weekly discussion","Weekly discussion","2021-10-27 15:00:00  ","2021-10-27 16:00:00  ",1,TRUE,NA
"item55","Canceled: Weekly discussion","Canceled: Weekly discussion","2021-11-03 15:00:00  ","2021-11-03 16:00:00  ",1,TRUE,NA
"item56","Weekly discussion","Weekly discussion","2021-11-10 15:00:00  ","2021-11-10 16:00:00  ",1,TRUE,NA
"item57","Weekly discussion","Weekly discussion","2021-11-17 15:00:00  ","2021-11-17 16:00:00  ",1,TRUE,NA
"item58","Weekly discussion","Weekly discussion","2021-11-24 15:00:00  ","2021-11-24 16:00:00  ",1,TRUE,NA
"item59","Weekly discussion","Weekly discussion","2021-12-01 15:00:00  ","2021-12-01 16:00:00  ",1,TRUE,NA
"item60","Weekly discussion","Weekly discussion","2021-12-08 15:00:00  ","2021-12-08 16:00:00  ",1,TRUE,NA
"item61","Weekly discussion","Weekly discussion","2021-12-15 15:00:00  ","2021-12-15 16:00:00  ",1,TRUE,NA
"item62","Weekly discussion","Weekly discussion","2021-12-22 15:00:00  ","2021-12-22 16:00:00  ",1,TRUE,NA
"item63","Weekly discussion","Weekly discussion","2021-12-29 15:00:00  ","2021-12-29 16:00:00  ",1,TRUE,NA
"item64","Weekly discussion","Weekly discussion","2022-01-05 15:00:00  ","2022-01-05 16:00:00  ",1,TRUE,NA
"item65","Weekly discussion","Weekly discussion","2022-01-12 15:00:00  ","2022-01-12 16:00:00  ",1,TRUE,NA
"item66","Weekly discussion","Weekly discussion","2022-01-19 15:00:00  ","2022-01-19 16:00:00  ",1,TRUE,NA
"item67","Weekly discussion","Weekly discussion","2022-01-26 15:00:00  ","2022-01-26 16:00:00  ",1,TRUE,NA
"item68","SPACE Open-Office Hours - EU-APAC ","SPACE Open-Office Hours - EU-APAC ","2021-10-05 03:00:00  ","2021-10-05 04:00:00  ",1,TRUE,NA
"item69","SPACE Open-Office Hours - EU-APAC ","SPACE Open-Office Hours - EU-APAC ","2021-10-12 03:00:00  ","2021-10-12 04:00:00  ",1,TRUE,NA
"item70","SPACE Open-Office Hours - EU-APAC ","SPACE Open-Office Hours - EU-APAC ","2021-10-19 03:00:00  ","2021-10-19 04:00:00  ",1,TRUE,NA
"item71","SPACE Open-Office Hours - EU-APAC ","SPACE Open-Office Hours - EU-APAC ","2021-10-26 03:00:00  ","2021-10-26 04:00:00  ",1,TRUE,NA
"item72","SPACE Open-Office Hours - EU-APAC ","SPACE Open-Office Hours - EU-APAC ","2021-11-02 03:00:00  ","2021-11-02 04:00:00  ",1,TRUE,NA
"item73","SPACE Open-Office Hours - EU-APAC ","SPACE Open-Office Hours - EU-APAC ","2021-11-09 03:00:00  ","2021-11-09 04:00:00  ",1,TRUE,NA
"item74","SPACE Open-Office Hours - EU-APAC ","SPACE Open-Office Hours - EU-APAC ","2021-11-16 03:00:00  ","2021-11-16 04:00:00  ",1,TRUE,NA
"item75","SPACE Open-Office Hours - EU-APAC ","SPACE Open-Office Hours - EU-APAC ","2021-11-23 03:00:00  ","2021-11-23 04:00:00  ",1,TRUE,NA
"item76","SPACE Open-Office Hours - EU-APAC ","SPACE Open-Office Hours - EU-APAC ","2021-11-30 03:00:00  ","2021-11-30 04:00:00  ",1,TRUE,NA
"item77","SPACE Open-Office Hours - EU-APAC ","SPACE Open-Office Hours - EU-APAC ","2021-12-07 03:00:00  ","2021-12-07 04:00:00  ",1,TRUE,NA
"item78","SPACE Open-Office Hours - EU-APAC ","SPACE Open-Office Hours - EU-APAC ","2021-12-14 03:00:00  ","2021-12-14 04:00:00  ",1,TRUE,NA
"item79","SPACE Open-Office Hours - EU-APAC ","SPACE Open-Office Hours - EU-APAC ","2021-12-21 03:00:00  ","2021-12-21 04:00:00  ",1,TRUE,NA
"item80","SPACE Open-Office Hours - EU-APAC ","SPACE Open-Office Hours - EU-APAC ","2021-12-28 03:00:00  ","2021-12-28 04:00:00  ",1,TRUE,NA
"item81","SPACE Open-Office Hours - EU-APAC ","SPACE Open-Office Hours - EU-APAC ","2022-01-04 03:00:00  ","2022-01-04 04:00:00  ",1,TRUE,NA
"item82","SPACE Open-Office Hours - EU-APAC ","SPACE Open-Office Hours - EU-APAC ","2022-01-11 03:00:00  ","2022-01-11 04:00:00  ",1,TRUE,NA
"item83","SPACE Open-Office Hours - EU-APAC ","SPACE Open-Office Hours - EU-APAC ","2022-01-18 03:00:00  ","2022-01-18 04:00:00  ",1,TRUE,NA
"item84","SPACE Open-Office Hours - EU-APAC ","SPACE Open-Office Hours - EU-APAC ","2022-01-25 03:00:00  ","2022-01-25 04:00:00  ",1,TRUE,NA
"item85","SPACE Open-Office Hours - EU-APAC ","SPACE Open-Office Hours - EU-APAC ","2022-02-01 03:00:00  ","2022-02-01 04:00:00  ",1,TRUE,NA
"item86","Canceled: SPACE Walk & Talk - EU session","Canceled: SPACE Walk & Talk - EU session","2021-09-08 15:00:00  ","2021-09-08 16:00:00  ",1,TRUE,NA
"item87","SPACE Walk & Talk - EU session","SPACE Walk & Talk - EU session","2021-10-13 15:00:00  ","2021-10-13 16:00:00  ",1,TRUE,NA
"item88","Canceled: SPACE Walk & Talk - EU session","Canceled: SPACE Walk & Talk - EU session","2021-10-20 15:00:00  ","2021-10-20 16:00:00  ",1,TRUE,NA
"item89","SPACE Walk & Talk - EU session","SPACE Walk & Talk - EU session","2021-11-17 03:00:00  ","2021-11-17 04:00:00  ",1,TRUE,NA
"item90","SPACE Walk & Talk - EU session","SPACE Walk & Talk - EU session","2021-12-15 03:00:00  ","2021-12-15 04:00:00  ",1,TRUE,NA
"item91","R learning group meeting","R learning group meeting","2021-11-19 14:00:00  ","2021-11-19 15:00:00  ",1,TRUE,NA
"item92","R learning group meeting","R learning group meeting","2021-12-10 14:00:00  ","2021-12-10 15:00:00  ",1,TRUE,NA
"item93","R learning group meeting","R learning group meeting","2022-01-14 14:00:00  ","2022-01-14 15:00:00  ",1,TRUE,NA
"item94","Canceled: [Placeholder] AP R initiative: Sharing from 5 modules","Canceled: [Placeholder] AP R initiative: Sharing from 5 modules","2021-10-14 10:00:00  ","2021-10-14 11:00:00  ",1,TRUE,NA
"item95","R-walk session - Non J&J","R-walk session - Non J&J","2021-10-05 10:00:00  ","2021-10-05 11:00:00  ",1,TRUE,NA
"item96","R-walk session - Non J&J","R-walk session - Non J&J","2021-10-19 10:00:00  ","2021-10-19 11:00:00  ",1,TRUE,NA
"item97","R-walk session - Non J&J","R-walk session - Non J&J","2021-11-02 10:00:00  ","2021-11-02 11:00:00  ",1,TRUE,NA
"item98","R-walk session - Non J&J","R-walk session - Non J&J","2021-11-16 10:00:00  ","2021-11-16 11:00:00  ",1,TRUE,NA
"item99","R-walk session - Non J&J","R-walk session - Non J&J","2021-11-30 10:00:00  ","2021-11-30 11:00:00  ",1,TRUE,NA
"item100","R-walk session - Non J&J","R-walk session - Non J&J","2021-12-14 10:00:00  ","2021-12-14 11:00:00  ",1,TRUE,NA
"item101","R-walk session - Non J&J","R-walk session - Non J&J","2021-12-28 10:00:00  ","2021-12-28 11:00:00  ",1,TRUE,NA
"item102","Complete trainings for this month","Complete trainings for this month","2021-10-25 16:30:00  ","2021-10-25 17:00:00  ",1,TRUE,NA
"item103","Complete trainings for this month","Complete trainings for this month","2021-11-29 16:30:00  ","2021-11-29 17:00:00  ",1,TRUE,NA
"item104","Complete trainings for this month","Complete trainings for this month","2021-12-27 16:30:00  ","2021-12-27 17:00:00  ",1,TRUE,NA
"item105","Complete trainings for this month","Complete trainings for this month","2022-01-31 16:30:00  ","2022-01-31 17:00:00  ",1,TRUE,NA
"item106","Reminder: Did you file today? 邀请您每月定期存档","Reminder: Did you file today? 邀请您每月定期存档","2021-10-29 14:00:00  ","2021-10-29 15:00:00  ",1,TRUE,NA
"item107","Reminder: Did you file today? 邀请您每月定期存档","Reminder: Did you file today? 邀请您每月定期存档","2021-11-26 14:00:00  ","2021-11-26 15:00:00  ",1,TRUE,NA
"item108","Reminder: Did you file today? 邀请您每月定期存档","Reminder: Did you file today? 邀请您每月定期存档","2021-12-31 14:00:00  ","2021-12-31 15:00:00  ",1,TRUE,NA
"item109","Reminder: Did you file today? 邀请您每月定期存档","Reminder: Did you file today? 邀请您每月定期存档","2022-01-28 14:00:00  ","2022-01-28 15:00:00  ",1,TRUE,NA
"item110","Lead programmer training II – meetings","Lead programmer training II – meetings","2021-11-30 14:00:00  ","2021-11-30 16:00:00  ",1,TRUE,NA
"item111","AP R small learning group","AP R small learning group","2021-10-28 15:00:00  ","2021-10-28 16:00:00  ",1,TRUE,NA
"item112","AP R small learning group","AP R small learning group","2021-10-28 15:00:00  ","2021-10-28 16:00:00  ",1,TRUE,NA
"item113","AP R small learning group","AP R small learning group","2021-11-22 16:00:00  ","2021-11-22 17:00:00  ",1,TRUE,NA
"item114","AP R small learning group","AP R small learning group","2021-11-25 16:00:00  ","2021-11-25 17:00:00  ",1,TRUE,NA
"item115","AP R small learning group","AP R small learning group","2021-12-20 16:00:00  ","2021-12-20 17:00:00  ",1,TRUE,NA
"item116","AP R small learning group","AP R small learning group","2021-12-23 16:00:00  ","2021-12-23 17:00:00  ",1,TRUE,NA
"item117","AP R small learning group","AP R small learning group","2022-01-17 16:00:00  ","2022-01-17 17:00:00  ",1,TRUE,NA
"item118","AP R small learning group","AP R small learning group","2022-01-20 16:00:00  ","2022-01-20 17:00:00  ",1,TRUE,NA
"item119","JCRD EZ Process 奇妙游 - BJ Office","JCRD EZ Process 奇妙游 - BJ Office","2021-10-12 11:30:00  ","2021-10-12 15:30:00  ",1,TRUE,NA
"item120","Monthly 1:1 with Yufan Chen","Monthly 1:1 with Yufan Chen","2021-10-19 14:00:00  ","2021-10-19 14:30:00  ",1,TRUE,NA
"item121","Monthly 1:1 with Yufan Chen","Monthly 1:1 with Yufan Chen","2021-11-16 14:00:00  ","2021-11-16 14:30:00  ",1,TRUE,NA
"item122","Monthly 1:1 with Yufan Chen","Monthly 1:1 with Yufan Chen","2021-12-21 14:00:00  ","2021-12-21 14:30:00  ",1,TRUE,NA
"item123","Monthly 1:1 with Yufan Chen","Monthly 1:1 with Yufan Chen","2022-01-18 14:00:00  ","2022-01-18 14:30:00  ",1,TRUE,NA
"item124","SP Academy: Database Lock, Unblinding, Release and Unlock","SP Academy: Database Lock, Unblinding, Release and Unlock","2021-10-11 10:00:00  ","2021-10-11 11:00:00  ",1,TRUE,NA
"item125","Farewell Party for Harry Chen","Farewell Party for Harry Chen","2021-10-08 15:00:00  ","2021-10-08 17:30:00  ",1,TRUE,NA
"item126","SPACE Walk & Talk -US session - Non J&J","SPACE Walk & Talk -US session - Non J&J","2021-10-14 00:00:00  ","2021-10-14 01:00:00  ",1,TRUE,NA
"item127","SPACE Walk & Talk -US session - Non J&J","SPACE Walk & Talk -US session - Non J&J","2021-11-03 12:00:00  ","2021-11-03 13:00:00  ",1,TRUE,NA
"item128","SPACE Walk & Talk -US session - Non J&J","SPACE Walk & Talk -US session - Non J&J","2021-11-17 12:00:00  ","2021-11-17 13:00:00  ",1,TRUE,NA
"item129","SPACE Walk & Talk -US session - Non J&J","SPACE Walk & Talk -US session - Non J&J","2021-12-15 12:00:00  ","2021-12-15 13:00:00  ",1,TRUE,NA
"item130","tidytlg Beta UAT","tidytlg Beta UAT","2021-10-11 20:00:00  ","2021-10-12 00:00:00  ",1,TRUE,NA
"item131","tidytlg Beta UAT","tidytlg Beta UAT","2021-10-12 20:00:00  ","2021-10-13 00:00:00  ",1,TRUE,NA
"item132","tidytlg Beta UAT","tidytlg Beta UAT","2021-10-13 08:00:00  ","2021-10-13 12:00:00  ",1,TRUE,NA
"item133","tidytlg Beta UAT","tidytlg Beta UAT","2021-10-14 20:00:00  ","2021-10-15 00:00:00  ",1,TRUE,NA
"item134","TidyTLG Beta release UAT preparation meeting","TidyTLG Beta release UAT preparation meeting","2021-10-05 21:30:00  ","2021-10-05 22:00:00  ",1,TRUE,NA
"item135","SPACE Open-Office Hours - US - Non J&J Employees","SPACE Open-Office Hours - US - Non J&J Employees","2021-10-05 15:00:00  ","2021-10-05 16:00:00  ",1,TRUE,NA
"item136","SPACE Open-Office Hours - US - Non J&J Employees","SPACE Open-Office Hours - US - Non J&J Employees","2021-10-12 15:00:00  ","2021-10-12 16:00:00  ",1,TRUE,NA
"item137","SPACE Open-Office Hours - US - Non J&J Employees","SPACE Open-Office Hours - US - Non J&J Employees","2021-10-19 15:00:00  ","2021-10-19 16:00:00  ",1,TRUE,NA
"item138","SPACE Open-Office Hours - US - Non J&J Employees","SPACE Open-Office Hours - US - Non J&J Employees","2021-10-26 15:00:00  ","2021-10-26 16:00:00  ",1,TRUE,NA
"item139","SPACE Open-Office Hours - US - Non J&J Employees","SPACE Open-Office Hours - US - Non J&J Employees","2021-11-02 15:00:00  ","2021-11-02 16:00:00  ",1,TRUE,NA
"item140","SPACE Open-Office Hours - US - Non J&J Employees","SPACE Open-Office Hours - US - Non J&J Employees","2021-11-09 15:00:00  ","2021-11-09 16:00:00  ",1,TRUE,NA
"item141","SPACE Open-Office Hours - US - Non J&J Employees","SPACE Open-Office Hours - US - Non J&J Employees","2021-11-16 15:00:00  ","2021-11-16 16:00:00  ",1,TRUE,NA
"item142","SPACE Open-Office Hours - US - Non J&J Employees","SPACE Open-Office Hours - US - Non J&J Employees","2021-11-23 15:00:00  ","2021-11-23 16:00:00  ",1,TRUE,NA
"item143","SPACE Open-Office Hours - US - Non J&J Employees","SPACE Open-Office Hours - US - Non J&J Employees","2021-11-30 15:00:00  ","2021-11-30 16:00:00  ",1,TRUE,NA
"item144","SPACE Open-Office Hours - US - Non J&J Employees","SPACE Open-Office Hours - US - Non J&J Employees","2021-12-07 15:00:00  ","2021-12-07 16:00:00  ",1,TRUE,NA
"item145","SPACE Open-Office Hours - US - Non J&J Employees","SPACE Open-Office Hours - US - Non J&J Employees","2021-12-14 15:00:00  ","2021-12-14 16:00:00  ",1,TRUE,NA
"item146","SPACE Open-Office Hours - US - Non J&J Employees","SPACE Open-Office Hours - US - Non J&J Employees","2021-12-21 15:00:00  ","2021-12-21 16:00:00  ",1,TRUE,NA
"item147","SPACE Open-Office Hours - US - Non J&J Employees","SPACE Open-Office Hours - US - Non J&J Employees","2021-12-28 15:00:00  ","2021-12-28 16:00:00  ",1,TRUE,NA
"item148","SPACE Open-Office Hours - US - Non J&J Employees","SPACE Open-Office Hours - US - Non J&J Employees","2022-01-04 15:00:00  ","2022-01-04 16:00:00  ",1,TRUE,NA
"item149","SPACE Open-Office Hours - US - Non J&J Employees","SPACE Open-Office Hours - US - Non J&J Employees","2022-01-11 15:00:00  ","2022-01-11 16:00:00  ",1,TRUE,NA
"item150","SPACE Open-Office Hours - US - Non J&J Employees","SPACE Open-Office Hours - US - Non J&J Employees","2022-01-18 15:00:00  ","2022-01-18 16:00:00  ",1,TRUE,NA
"item151","SPACE Open-Office Hours - US - Non J&J Employees","SPACE Open-Office Hours - US - Non J&J Employees","2022-01-25 15:00:00  ","2022-01-25 16:00:00  ",1,TRUE,NA
"item152","SPACE Open-Office Hours - US - Non J&J Employees","SPACE Open-Office Hours - US - Non J&J Employees","2022-02-01 15:00:00  ","2022-02-01 16:00:00  ",1,TRUE,NA
"item153","2021 JCRD Quality Open Day @ Beijing Office","2021 JCRD Quality Open Day @ Beijing Office","2021-10-15 11:00:00  ","2021-10-15 13:00:00  ",1,TRUE,NA
"item154","2021 JCRD Quality Open Day @ Zhangjiang Lab","2021 JCRD Quality Open Day @ Zhangjiang Lab","2021-10-21 11:00:00  ","2021-10-21 13:00:00  ",1,TRUE,NA
"item155","2021 JCRD Quality Open Day @ Caohejing Office","2021 JCRD Quality Open Day @ Caohejing Office","2021-10-19 11:00:00  ","2021-10-19 13:00:00  ",1,TRUE,NA
"item156","Quarterly All Staff Meeting with Keith and David","Quarterly All Staff Meeting with Keith and David","2021-10-22 17:00:00  ","2021-10-22 18:00:00  ",1,TRUE,NA
"item157","R/Pharma 2021","R/Pharma 2021","2021-11-02 18:55:00  ","2021-11-05 11:00:00  ",1,TRUE,NA
"item158","R Learning Group Meeting","R Learning Group Meeting","2021-10-15 15:00:00  ","2021-10-15 15:30:00  ",1,TRUE,NA
"item159","FW: Monthly Regional Programmer Meeting (EU/APAC) ","FW: Monthly Regional Programmer Meeting (EU/APAC) ","2021-10-21 16:00:00  ","2021-10-21 17:30:00  ",1,TRUE,NA
"item160","FW: Monthly Regional Programmer Meeting (EU/APAC) ","FW: Monthly Regional Programmer Meeting (EU/APAC) ","2021-11-18 17:00:00  ","2021-11-18 18:30:00  ",1,TRUE,NA
"item161","AP R initiative: Sharing from 5 modules","AP R initiative: Sharing from 5 modules","2021-10-14 10:00:00  ","2021-10-14 10:30:00  ",1,TRUE,NA
"item162","Meeting with SH Staff","Meeting with SH Staff","2021-10-20 16:30:00  ","2021-10-20 17:30:00  ",1,TRUE,NA
"item163","Data Science Making Impact Seminar Series (4th) - Machine Learning and Clinical Trial Site Selection ","Data Science Making Impact Seminar Series (4th) - Machine Learning and Clinical Trial Site Selection ","2021-10-28 16:00:00  ","2021-10-28 17:00:00  ",1,TRUE,NA
"item164","JCRD Health Care Compliance (HCC) Refresher Training","JCRD Health Care Compliance (HCC) Refresher Training","2021-11-16 14:30:00  ","2021-11-16 15:30:00  ",1,TRUE,NA
"item165","WiSTEM2D 职业日 (DAY 1)","WiSTEM2D 职业日 (DAY 1)","2021-11-10 12:00:00  ","2021-11-10 14:00:00  ",1,TRUE,NA
"item166","WiSTEM2D 职业日 (Day2)","WiSTEM2D 职业日 (Day2)","2021-11-11 12:00:00  ","2021-11-11 14:00:00  ",1,TRUE,NA
"item167","tidytlg Beta UAT Follow-Up","tidytlg Beta UAT Follow-Up","2021-11-15 21:00:00  ","2021-11-16 01:00:00  ",1,TRUE,NA
"item168","“药品电子通用技术文档申报（eCTD）宣讲会”.","“药品电子通用技术文档申报（eCTD）宣讲会”.","2021-11-18 09:00:00  ","2021-11-18 16:00:00  ",1,TRUE,NA
"item169","AP R&D Year-end Town Hall","AP R&D Year-end Town Hall","2021-12-14 13:00:00  ","2021-12-14 13:45:00  ",1,TRUE,NA
"item170","ShinyDay 2021 - Day 2","ShinyDay 2021 - Day 2","2021-11-17 21:30:00  ","2021-11-18 02:00:00  ",1,TRUE,NA
"item171","ShinyDay 2021 - Day 1","ShinyDay 2021 - Day 1","2021-11-16 21:30:00  ","2021-11-17 01:40:00  ",1,TRUE,NA
"item172","Placeholder: Alzheimer Workshop - Aducanumab Case Debate","Placeholder: Alzheimer Workshop - Aducanumab Case Debate","2021-12-16 13:30:00  ","2021-12-16 17:00:00  ",1,TRUE,NA
"item173","tidytlg sample scripts","tidytlg sample scripts","2021-11-18 21:30:00  ","2021-11-18 22:00:00  ",1,TRUE,NA
"item174","tidytlg sample scripts touch base","tidytlg sample scripts touch base","2021-12-02 21:00:00  ","2021-12-02 22:00:00  ",1,TRUE,NA
"item175","Good bye Sina :(","Good bye Sina :(","2021-11-19 16:00:00  ","2021-11-19 16:45:00  ",1,TRUE,NA
